species,iucn_status,year
hians,LC,2015
galatheae,LC,2015
peronii,LC,2010
tenuimana,LC,2011
bowerbanki,VU,2008
echinata,LC,2014
hemprichii,VU,2008
hillae,NT,2014
ishigakiensis,VU,2014
lordhowensis,NT,2008
rotundoflora,NT,2014
solandri,LC,2011
armatus,LC,2015
akazakii,DD,2014
achilles,LC,2012
albipectoralis,LC,2012
blochii,LC,2012
dussumieri,LC,2012
grammoptilus,LC,2012
guttatus,LC,2012
leucopareius,LC,2012
lineatus,LC,2012
mata,LC,2012
nigricans,LC,2012
nigricauda,LC,2012
nigrofuscus,LC,2012
nubilus,LC,2012
olivaceus,LC,2012
pyroferus,LC,2012
thompsoni,LC,2012
triostegus,LC,2012
xanthopterus,LC,2012
fasciatus,LC,2012
haplochrous,NT,2012
tentaculata,LC,2016
pancheri,NT,2010
radiatus,LC,2016
tomentosus,LC,2016
aoupiniensis,VU,1998
bullatus,NT,2010
calcicola,EN,2010
domatifer,VU,1998
fatsioides,VU,1998
megaphyllus,VU,1998
veillonii,EN,1998
abrolhosensis,VU,2008
abrotanoides,LC,2014
aculeus,VU,2014
acuminata,VU,2014
akajimensis,DD,2008
anthocercis,VU,2008
aspera,VU,2014
austera,NT,2008
bushyensis,LC,2008
carduus,NT,2008
caroliniana,VU,2008
cerealis,LC,2014
chesterfieldensis,LC,2008
clathrata,LC,2008
copiosa,DD,2008
cytherea,LC,2008
dendrum,VU,2008
digitifera,NT,2014
divaricata,NT,2008
donei,VU,2008
echinata,VU,2008
efflorescens,DD,2008
elseyi,LC,2008
exquisita,DD,2008
florida,NT,2014
formosa,NT,2014
gemmifera,LC,2014
glauca,NT,2008
grandis,LC,2014
granulosa,NT,2014
horrida,VU,2008
humilis,NT,2014
hyacinthus,NT,2008
inermis,DD,2008
insignis,DD,2008
kirstyae,VU,2008
latistella,LC,2008
listeri,VU,2014
lokani,VU,2008
longicyathus,LC,2008
loripes,NT,2014
lovelli,VU,2014
lutkeni,NT,2014
microclados,VU,2008
microphthalma,LC,2014
millepora,NT,2014
mirabilis,DD,2008
monticulosa,NT,2014
nana,NT,2008
nasuta,NT,2014
nobilis,LC,2008
palmerae,VU,2014
paniculata,VU,2008
pharaonis,VU,2008
pichoni,NT,2008
polystoma,VU,2008
pulchra,LC,2008
rambleri,DD,2014
robusta,LC,2014
rosaria,DD,2008
samoensis,LC,2014
sarmentosa,LC,2008
secale,NT,2014
selago,NT,2008
solitaryensis,VU,2008
spathulata,LC,2008
spicifera,VU,2008
subglabra,LC,2014
subulata,LC,2008
tenuis,NT,2014
torresiana,DD,2008
tortuosa,LC,2008
valenciennesi,LC,2008
valida,LC,2014
vaughani,VU,2014
verweyi,VU,2014
yongei,LC,2008
speciosum,LC,2010
huerlimannii,NT,1998
albonigra,DD,2013
caerulea,DD,2013
echinites,VU,2013
flammea,LC,2013
fusca,DD,2013
lecanora,DD,2013
mauritiana,VU,2013
miliaris,VU,2013
palauensis,LC,2013
spinea,LC,2013
hypoleucos,LC,2012
capillus-veneris,LC,2013
savesi,CR,2013
strigatus,DD,2016
spodiopygius,LC,2014
brevistyla,LC,2013
rogaa,DD,2008
narinari,NT,2006
ocellatus,VU,2016
lanceolata,VU,2010
montana,CR,2014
moorei,VU,2010
ovata,EN,2010
elaeagnoidea,LC,1998
insignis,LC,2011
berryi,LC,2015
duboisii,LC,2010
eydouxii,LC,2010
laevis,LC,2010
guillainii,VU,2010
argentea,DD,2012
affinis,LC,2015
ciliaris,LC,2010
vari,LC,2010
brevirostris,LC,2015
ferox,LC,2010
australis,LC,2015
productus,LC,2015
glabrata,VU,1998
pelagicus,VU,2009
superciliosus,VU,2009
vulpinus,VU,2009
erubescens,VU,1998
sessilis,LC,2014
sertatus,LC,2014
monoceros,LC,2015
scriptus,LC,2015
allingi,VU,2014
catalai,NT,2008
fenestrata,VU,2014
marionensis,VU,2008
spongiosa,NT,2014
tizardi,LC,2008
verrilliana,VU,2014
scopas,LC,2016
cinerea,LC,2012
interrupta,LC,2012
miops,LC,2012
bimacula,LC,2016
sandaracinos,LC,2010
pelagicus,LC,2014
forbesi,LC,2008
puertogalerae,VU,2014
caeruleopunctatus,LC,2010
femininus,LC,2010
neoguinaicus,LC,2010
twistii,LC,2010
gracilis,LC,2012
superciliosa,LC,2012
numaeensis,EN,2010
marmorata,LC,2014
megastoma,DD,2014
obscura,DD,2014
cornuta,LC,2015
pharao,LC,2015
minutus,LC,2015
stolidus,LC,2012
striatus,LC,2015
nummifer,LC,2015
capros,LC,2015
rostrata,LC,2015
leucogrammicus,LC,2008
gelatinosus,LC,2015
velutinum,NT,1998
striata,LC,2012
amboinensis,DD,2012
compressus,LC,2010
hyalosoma,LC,2012
indicus,LC,2010
rubrimacula,LC,2010
ocellatus,LC,2010
trimaculatus,LC,2010
albisoma,LC,2015
longicephalus,LC,2015
melanoasper,LC,2016
bernieri,VU,2010
biramulata,VU,2010
columnaris,LC,2010
humboldtensis,EN,2010
laubenfelsii,NT,2010
luxurians,EN,2010
montana,VU,2010
muelleri,EN,2010
nemorosa,CR,2010
rulei,EN,2010
schmidii,VU,2010
scopulorum,EN,2010
subulata,NT,2010
glandulosa,VU,1998
lentiscifolia,VU,1998
paivana,VU,1998
regalis,LC,2011
forsteri,LC,2015
alba,LC,2015
bulleri,VU,2012
pacifica,LC,2012
interpres,LC,2012
argo,LC,2014
boettgeri,LC,2014
hians,LC,2014
nodosa,LC,2014
hemigymnus,LC,2010
sladeni,LC,2015
lunifer,LC,2015
firmamentum,LC,2014
hispidus,LC,2014
immaculatus,LC,2014
manilensis,LC,2014
mappa,LC,2014
meleagris,LC,2014
nigropunctatus,LC,2014
reticularis,LC,2014
stellatus,LC,2014
leucorynchus,LC,2012
nekorensis,VU,2010
dussumieri,LC,2014
taeniatus,LC,2014
hjorti,LC,2015
nitida,LC,2012
cucullata,VU,2008
expansa,NT,2008
gracilis,LC,2014
listeri,LC,2014
macrostoma,NT,2008
moretonensis,VU,2008
myriophthalma,LC,2014
ocellata,LC,2008
randalli,LC,2014
suggesta,LC,2008
indicus,LC,2015
stokesii,LC,2010
galacticus,LC,2011
japonicus,LC,2010
elymus,LC,2010
platyxylon,VU,2010
holomelas,LC,2014
pilipes,LC,2013
kanakorum,VU,2003
chinensis,LC,2015
subula,LC,2012
fasciata,LC,2012
cracens,VU,1998
montis-do,NT,1998
horizontalis,VU,1998
lotoides,VU,2010
spicata,NT,2010
marina,LC,2010
guamensis,LC,2012
ocellaris,LC,2012
australis,LC,2012
floribunda,LC,2011
calcarata,LC,2015
megalops,LC,2015
acutorostrata,LC,2008
edeni,DD,2008
musculus,EN,2008
physalus,EN,2013
balansae,NT,1998
pininsularis,EN,1998
amicorum,LC,2014
laddi,VU,2014
rufa,LC,2015
favieri,VU,1998
humboldtiana,NT,1998
iterata,VU,1998
pancheri,NT,2013
porphyrea,NT,1998
tomentosa,VU,1998
vestita,VU,1998
compressus,LC,2015
levistomatus,LC,2015
robustus,LC,2010
metallicus,LC,2015
chani,LC,2011
rubens,LC,2011
imperfectus,DD,2013
danae,LC,2015
longipes,LC,2015
ferox,LC,2015
mollis,LC,2015
crassicollis,DD,2011
cyclura,DD,2011
exsuccida,EN,2010
geitaina,NT,2010
goroensis,EN,2011
madjo,NT,2011
montana,DD,2011
ornata,EN,2011
pulchella,NT,2010
robusta,NT,2011
sauvagii,DD,2011
septuiclavis,NT,2011
congesta,EN,1998
crassifolia,VU,1998
belobranchus,DD,2012
infans,LC,2015
decadactylus,LC,2015
splendens,LC,2015
vitiensis,LC,2011
kaalaensis,EN,1998
lenormandii,EN,1998
pachyphylla,NT,1998
latro,DD,1996
merleti,LC,2008
wellsi,NT,2008
pierucciae,DD,2012
caudolineata,LC,2014
chrysospilos,LC,2014
paula,LC,2014
arborea,EN,1998
castaneifolia,EN,1998
longipes,EN,1998
anthioides,LC,2010
axillaris,LC,2010
bilunulatus,LC,2010
bimaculatus,LC,2010
cylindriatus,LC,2010
dictynna,LC,2010
flavifrons,LC,2010
izuensis,DD,2010
loxozonus,LC,2010
masudai,LC,2010
mesothorax,LC,2010
paraleucosticticus,DD,2010
perditio,LC,2010
argus,LC,2013
maculisparsa,VU,2013
marmorata,DD,2013
similis,DD,2013
tenuissima,DD,2013
vitiensis,DD,2013
muricatum,VU,2012
distofax,LC,2015
photothorax,LC,2015
supralateralis,LC,2015
pygmaea,LC,2014
koniamboensis,VU,1998
mononema,LC,2015
mancus,LC,2010
taylori,LC,2016
mutica,LC,2013
reptans,LC,2013
nectabanus,LC,2015
lanuginosa,NT,1998
gymnorhiza,LC,2010
ibis,LC,2015
betchei,LC,2013
gyrinoides,LC,2012
amboinensis,LC,2012
striata,LC,2014
flabelliformis,LC,2012
caerulaurea,LC,2010
janiceae,DD,2009
carnosa,CR,2014
mariapetrae,VU,2011
aquilonius,NT,2011
atropunctatus,LC,2013
auratus,EN,2011
austrocaledonicus,LC,2011
bodoi,LC,2011
chazeaui,EN,2011
cryptos,DD,2011
festivus,LC,2011
haplorhinus,LC,2011
orestes,EN,2011
renevieri,EN,2011
terma,VU,2011
maculata,LC,2009
sarasini,LC,2009
acuminata,LC,2015
alba,LC,2012
ferruginea,NT,2015
ruficollis,NT,2015
tenuirostris,EN,2015
neocaledonica,CR,2010
neocaledonica,NT,2010
sulcata,EN,2010
inophyllum,LC,1998
carolinus,LC,2012
godeffroyi,LC,2010
monticola,EN,2004
whitei,CR,1998
favieri,CR,2010
sericea,LC,2012
veillonii,CR,2010
bibroni,LC,2012
noumeae,EN,2008
dumerilii,LC,2016
fronticinctus,LC,2016
longicaudus,DD,2016
pardalis,LC,2016
maculata,LC,2015
amboinensis,LC,2014
axiologus,LC,2014
bennetti,LC,2014
callisterna,LC,2014
compressa,LC,2014
epilampra,LC,2014
janthinoptera,LC,2014
ocellicincta,LC,2014
papua,LC,2014
solandri,LC,2014
valentini,LC,2014
lugubris,LC,2015
sexfasciatus,LC,2010
albimarginatus,NT,2009
falciformis,NT,2009
leucas,NT,2009
longimanus,VU,2015
melanopterus,NT,2009
obscurus,VU,2009
plumbeus,VU,2009
carcharias,VU,2009
caretta,VU,2015
imitatrix,LC,2013
longicarpus,DD,2013
longirostris,LC,2013
novaecaledoniae,LC,2013
rubella,LC,2013
serratirostris,LC,2013
weberi,LC,2013
coriifolia,NT,1998
kaalaensis,EN,1998
artensis,EN,1998
jardinei,VU,2008
curvata,VU,2008
echinulata,VU,2008
furcata,LC,2008
jordani,LC,2015
pelagica,DD,2015
euryotis,EN,2010
similis,EN,2011
balansae,VU,2010
hypoleuca,EN,1998
minima,LC,2011
cristatus,DD,2016
scutatus,LC,2016
nigroocellatus,LC,2015
niger,LC,2015
moluccensis,DD,2013
bicolor,LC,2010
bispinosa,LC,2010
colini,LC,2010
fisheri,LC,2010
flavissima,LC,2010
heraldi,LC,2010
loricula,LC,2010
nigriocellus,LC,2010
nox,LC,2010
tibicen,LC,2010
vrolikii,LC,2010
argus,LC,2008
aurantia,DD,2008
boenak,LC,2008
igarashiensis,DD,2008
leopardus,LC,2008
microprion,LC,2008
miniata,LC,2008
sexmaculata,LC,2008
sonnerati,LC,2008
spiloparaea,LC,2008
urodeta,LC,2008
holboelli,LC,2015
helenae,LC,2014
warmingii,LC,2015
micrantha,NT,2013
neriifolia,EN,1998
obtusifolia,VU,1998
tagal,LC,2010
coralium,LC,2011
goldiei,DD,2012
oxyrhyncus,DD,2012
plicatilis,DD,2012
globiceps,LC,2015
ocellatus,LC,2012
regani,DD,2015
draco,LC,2015
auriga,LC,2010
baronessa,LC,2010
bennetti,DD,2010
citrinellus,LC,2010
ephippium,LC,2010
flavirostris,LC,2010
guentheri,LC,2010
kleinii,LC,2010
lineolatus,LC,2010
lunula,LC,2010
lunulatus,LC,2010
melannotus,LC,2010
mertensii,LC,2010
meyeri,LC,2010
ornatissimus,LC,2010
pelewensis,LC,2010
plebeius,LC,2010
rafflesii,LC,2010
reticulatus,DD,2010
speculum,LC,2010
trifascialis,NT,2010
ulietensis,LC,2010
unimaculatus,LC,2010
vagabundus,LC,2010
conspicillatus,LC,2010
lucidus,LC,2012
longirostris,LC,2014
neocaledonicus,EN,2008
tauensis,LC,2010
lepidota,NT,1998
bicinctus,LC,2014
leschenaultii,LC,2012
mongolus,LC,2012
diadema,CR,2013
sloani,LC,2015
chlorourus,LC,2010
fasciatus,LC,2010
oxycephalus,LC,2010
trilobatus,LC,2010
undulatus,EN,2004
inermis,LC,2010
singapurensis,LC,2010
cyanopterus,LC,2015
furcatus,LC,2015
heterurus,LC,2015
rapanouiensis,LC,2010
orobanchoides,LC,2013
macrolepis,LC,2012
melinopterus,LC,2012
mydas,EN,2004
niger,LC,2015
reticulatus,LC,2015
phantasma,DD,2006
agassizi,LC,2015
bleekeri,LC,2012
frontalis,LC,2012
microrhinos,LC,2012
spilurus,LC,2012
anchorago,LC,2010
fasciatus,LC,2010
gomoni,LC,2010
graphicus,LC,2010
jordani,LC,2010
margaritiferus,LC,2010
oligacanthus,LC,2010
schoenleinii,NT,2004
brachysoma,LC,2015
alpha,LC,2010
flavipinnis,LC,2010
unimaculata,LC,2015
approximans,LC,2012
bathyphilus,LC,2010
laboutei,LC,2010
lineatus,LC,2010
punctatus,LC,2010
roseafascia,LC,2010
falco,LC,2016
oxycephalus,LC,2016
pinnulatus,LC,2016
castaneus,LC,2014
chelomatus,LC,2014
filamentosus,LC,2010
polyzona,LC,2014
quagga,LC,2014
stigmaticus,LC,2014
mariscus,LC,2013
lemurum,CR,1998
lochmios,VU,1998
marginatum,VU,1998
veillonii,VU,1998
bicolor,LC,2011
bougainvillei,DD,2011
corona,LC,2011
olivaceum,LC,2016
oualaniensis,LC,2011
pachycephaloides,LC,2012
minus,VU,1998
atlantica,LC,2015
shcherbachevi,DD,2010
mayeri,LC,2014
esculenta,LC,2015
vitiensis,LC,2012
diffusa,LC,2013
achatinus,LC,2013
acutangulus,LC,2013
alisi,LC,2013
ammiralis,LC,2013
aphrodite,LC,2013
arenatus,LC,2013
armadillo,LC,2013
articulatus,LC,2013
artoptus,LC,2013
aulicus,LC,2013
aureus,LC,2013
auricomus,LC,2013
baileyi,LC,2013
balteatus,LC,2013
bandanus,LC,2013
betulinus,LC,2013
boholensis,LC,2013
boucheti,LC,2013
bruuni,LC,2013
bullatus,LC,2013
canonicus,LC,2013
capitanellus,LC,2013
capitaneus,LC,2013
catus,LC,2013
cervus,LC,2013
chaldaeus,LC,2013
chiangi,LC,2013
cinereus,LC,2013
circumactus,LC,2013
coccineus,LC,2013
coelinae,LC,2013
coffeae,LC,2013
comatosa,LC,2013
consors,LC,2013
corallinus,LC,2013
coronatus,LC,2013
crocatus,LC,2013
cylindraceus,LC,2013
darkini,LC,2013
dayriti,LC,2013
distans,LC,2013
dusaveli,LC,2013
ebraeus,LC,2013
eburneus,LC,2013
emaciatus,LC,2013
episcopatus,LC,2013
estivali,DD,2013
excelsus,LC,2013
exiguus,LC,2013
ferrugineus,LC,2013
figulinus,LC,2013
flavidus,LC,2013
floccatus,LC,2013
floridulus,LC,2013
frigidus,LC,2013
generalis,LC,2013
geographus,LC,2013
glans,LC,2013
gondwanensis,LC,2013
granum,LC,2013
gratacapii,DD,2013
hamamotoi,DD,2013
howelli,LC,2013
ichinoseana,LC,2013
imperialis,LC,2013
ione,LC,2013
kanakinus,LC,2013
kimioi,LC,2013
kuroharai,LC,2013
lamberti,LC,2013
legatus,LC,2013
leopardus,LC,2013
lienardi,LC,2013
lischkeanus,LC,2013
litoglyphus,LC,2013
litteratus,LC,2013
lividus,LC,2013
loyaltiensis,LC,2013
luciae,LC,2013
magus,LC,2013
marmoreus,LC,2013
mcbridei,DD,2013
memiae,LC,2013
miles,LC,2013
miliaris,LC,2013
mitratus,LC,2013
moluccensis,LC,2013
monachus,LC,2013
moreleti,LC,2013
muriculatus,LC,2013
musicus,LC,2013
mustelinus,LC,2013
nussatella,LC,2013
obscurus,LC,2013
ochroleucus,LC,2013
omaria,LC,2013
orbignyi,LC,2013
pagodus,LC,2013
parius,LC,2013
pergrandis,LC,2013
pertusus,LC,2013
planorbis,LC,2013
plinthis,LC,2013
polongimarumai,LC,2013
praecellens,LC,2013
profundorum,LC,2013
proximus,LC,2013
pulicarius,LC,2013
quercinus,LC,2013
rattus,LC,2013
recluzianus,LC,2013
retifer,LC,2013
richardsae,DD,2013
richeri,DD,2013
sanguinolentus,LC,2013
sazanka,LC,2013
sponsalis,LC,2013
striatellus,LC,2013
striatus,LC,2013
striolatus,LC,2013
stupa,LC,2013
sulcatus,LC,2013
suratensis,LC,2013
swainsoni,DD,2013
teramachii,LC,2013
terebra,LC,2013
tessulatus,LC,2013
textile,LC,2013
tirardi,DD,2013
tribblei,LC,2013
tulipa,LC,2013
varius,LC,2013
vaubani,DD,2013
vexillum,LC,2013
virgo,LC,2013
analis,NT,2012
caledonica,LC,2012
novaehollandiae,LC,2012
altivelis,LC,2010
aurilineata,LC,2010
aygula,LC,2010
batuensis,LC,2010
dorsomacula,LC,2010
gaimard,LC,2010
picta,LC,2010
pictoides,LC,2010
moneduloides,LC,2012
equiselis,LC,2011
hippurus,LC,2011
rudis,LC,2015
amplexus,LC,2010
haematopterus,LC,2016
columna,LC,2014
crassa,NT,2008
exesa,LC,2008
wellsi,LC,2008
trifoliata,VU,1998
bicuspidatus,LC,2011
crenilabis,LC,2012
heterocheilos,LC,2012
maximum,LC,2011
altivelis,VU,2008
macrospilus,LC,2010
cordatulus,EN,1998
novocaledonicus,LC,2011
bitriplinervia,EN,1998
couesii,LC,2015
albitentaculata,NT,2014
crassa,LC,2008
echinata,LC,2014
binotatus,LC,2012
cyanocheilus,LC,2012
striatus,LC,2012
capensis,LC,2015
pauciradiatus,LC,2015
aoupiniensis,VU,1998
ouaiemensis,VU,1998
rotundifolia,NT,1998
glabra,EN,1998
globosa,VU,2010
mouana,EN,1998
rosea,EN,1998
rotundifolia,EN,1998
squamosa,EN,1998
subfalcata,EN,1998
tontoutensis,EN,1998
microphyllus,VU,1998
novaezelandiae,NT,2015
seemannii,VU,2010
tenuipes,VU,1998
acclinidens,LC,2015
microdon,LC,2015
obscura,LC,2015
parapallida,LC,2015
pseudopallida,LC,2015
atrum,LC,2015
rotundata,LC,2010
serrulata,LC,2010
praetextatus,LC,2010
lacrymalis,NT,2008
chalcidicum,LC,2014
decadia,LC,2008
microphthalma,LC,2014
serailia,LC,2014
elegans,VU,1998
nucele,CR,1998
polyactis,LC,2016
mareensis,CR,2015
vieillardii,LC,2010
araucarioides,LC,2010
balansae,LC,2010
guillauminii,CR,2010
lycopodioides,NT,2010
galathenus,DD,2015
quadrispinosa,NT,2009
macarellus,LC,2015
russelli,LC,2010
tabl,LC,2015
delphis,LC,2008
arcuata,LC,2012
repens,LC,2011
fourmanoiri,DD,2014
coriacea,VU,2013
polystictum,LC,2015
anderseni,LC,2015
bertelseni,LC,2015
brachycephalus,LC,2015
effulgens,LC,2015
fragilis,LC,2015
garmani,LC,2015
lucidus,LC,2015
luetkeni,LC,2015
metopoclampus,LC,2015
mollis,LC,2015
perspicillatus,LC,2015
problematicus,LC,2015
splendidus,LC,2015
termophilus,LC,2015
inexpectatus,CR,2011
insularis,NT,2011
kaalaensis,CR,2011
koniambo,CR,2011
nehoueensis,CR,2011
poumensis,CR,2011
thomaswhitei,CR,2011
validiclavis,EN,2011
eydouxii,LC,2015
holocanthus,LC,2015
hystrix,LC,2015
atlanticus,LC,2015
epomophora,VU,2012
cherrieri,VU,2010
fastidiosa,VU,1998
impolita,VU,2010
macrocarpa,NT,1998
margaretae,VU,1998
minimifolia,NT,2010
nebulosa,VU,1998
perplexa,VU,2010
pustulata,VU,2010
trisulca,VU,1998
veillonii,CR,2010
bipunctata,LC,2013
heliopora,NT,2014
taenia,LC,2015
multistriatus,LC,2015
xanthurus,LC,2010
parini,LC,2015
argenteus,LC,2015
storeri,DD,2015
spathacea,LC,2010
dactyliophorus,DD,2010
excisus,LC,2016
anniae,CR,1996
subnecata,CR,1996
holosericea,NT,2012
goliath,NT,2012
pacifica,LC,2012
dugon,VU,2015
amosensis,VU,1998
alcocki,LC,2015
oligoscolus,LC,2015
pachypodum,CR,1998
naucrates,LC,2015
nishihirai,NT,2008
aspera,LC,2014
echinata,LC,2014
orpheensis,LC,2008
gemmacea,LC,2008
hirsutissima,LC,2008
horrida,NT,2008
lamellosa,LC,2014
mammiformis,NT,2008
pacificus,NT,2008
bicolor,LC,2014
fourmanoiri,LC,2014
isos,LC,2014
midas,LC,2014
stictus,LC,2014
tessera,LC,2014
imus,LC,2015
martensii,LC,2011
reticulatus,LC,2011
novaehollandiae,LC,2012
sacra,LC,2012
colnettianus,VU,1998
moratii,VU,1998
pininsulare,VU,2010
bipinnulata,LC,2015
dzumacensis,VU,1998
spiralis,LC,2011
acanthopoma,LC,2012
fusca,LC,2012
melanosoma,LC,2012
hawaiensis,DD,2012
pancherianum,VU,2010
loyaltiensis,VU,2011
annulatus,LC,2010
schismatorhynchus,LC,2010
ater,LC,2014
kraussii,LC,2014
lecardii,VU,1998
acoroides,LC,2010
elegans,LC,2014
flavoccipitis,LC,2014
hemimelas,LC,2014
minutus,LC,2014
nanus,LC,2014
niger,LC,2014
paucifasciatus,LC,2014
philippinus,LC,2014
rhothion,LC,2014
rubicauda,LC,2014
rufopileus,LC,2014
similis,LC,2014
triserialis,LC,2014
trisignatus,LC,2014
tutuilae,LC,2014
williamsi,LC,2014
debelius,DD,2011
gracilipes,DD,2011
reticulata,LC,2014
caudofasciatus,LC,2014
decussatus,LC,2014
striatus,LC,2014
thalassinus,LC,2014
flaviventris,LC,2012
insidiator,LC,2010
areolatus,LC,2008
chlorostigma,LC,2008
coeruleopunctatus,LC,2008
corallicola,DD,2008
cyanopodus,LC,2008
fasciatus,LC,2008
fuscoguttatus,NT,2004
hexagonatus,LC,2008
howlandi,LC,2008
lanceolatus,VU,2006
macrospilos,LC,2008
maculatus,LC,2008
magniscuttis,DD,2008
malabaricus,NT,2006
merra,LC,2008
morrhua,LC,2008
ongus,LC,2008
polyphekadion,NT,2006
retouti,DD,2008
rivulatus,LC,2008
spilotoceps,LC,2008
tauvina,DD,2008
scabriflora,LC,2013
procera,LC,2011
pottii,LC,2010
variegata,LC,2012
psittacea,LC,2012
trichroa,LC,2012
magnirostris,NT,2014
carbunculus,DD,2010
caudistigmus,LC,2003
dianthus,LC,2015
lucifer,LC,2009
pseudosqualiolus,LC,2003
splendidus,DD,2009
splendens,LC,2012
daenikeri,EN,2010
ericoides,NT,2010
gatopensis,VU,1998
kaalensis,VU,1998
mackeeana,VU,1998
noumeensis,VU,1998
sp. nov. 'calcarea',VU,2010
sp. nov. 'dagostini',EN,2010
sp. nov. 'lepredourii',CR,2010
sp. nov. 'metzdorfii',EN,2010
virotii,VU,1998
cornutus,VU,2013
uvaeensis,EN,2013
cristata,VU,2014
glabrescens,NT,2014
paraancora,VU,2014
yaeyamaensis,NT,2008
aoupiniensis,VU,1998
jaffrei,VU,1998
exul,CR,2014
agricolae,NT,2011
occidentalis,CR,2011
symmetricus,EN,2010
vieillardi,NT,2011
draconis,DD,2010
pelecanoides,LC,2015
braueri,DD,2015
macrurus,LC,2015
satterleei,LC,2015
simplex,LC,2015
vulgaris,LC,2010
affinis,LC,2011
balbo,LC,2015
brevis,LC,2014
agallocha,LC,2010
volitans,LC,2015
puntang,LC,2012
taxoides,LC,2010
cenchroides,LC,2012
peregrinus,LC,2015
danae,LC,2014
favus,LC,2014
helianthoides,NT,2014
laxa,NT,2008
lizardensis,NT,2008
maritima,NT,2014
matthaii,NT,2014
pallida,LC,2014
rosaria,VU,2008
rotumana,LC,2014
rotundata,NT,2008
speciosa,LC,2008
stelligera,NT,2014
veroni,NT,2008
abdita,NT,2014
bestae,NT,2008
chinensis,NT,2008
complanata,NT,2008
flexuosa,NT,2014
halicora,NT,2014
pentagona,LC,2014
russelli,NT,2014
attenuata,DD,2008
mutabilis,VU,1998
cymosa,LC,2013
dichotoma,LC,2013
petimba,LC,2015
boureei,LC,2015
flavissimus,LC,2010
longirostris,LC,2010
ariel,LC,2012
minor,LC,2012
concinna,LC,2014
cyclolites,LC,2014
fragilis,LC,2014
fungites,NT,2014
granulosa,LC,2014
hexagonalis,LC,2014
horrida,LC,2014
moluccensis,LC,2008
paumotensis,LC,2014
repanda,LC,2014
scabra,LC,2008
scruposa,LC,2014
scutaria,LC,2014
sinensis,LC,2014
tenuis,LC,2014
vaughani,LC,2014
acrhelia,VU,2008
astreata,VU,2008
fascicularis,NT,2014
horrescens,LC,2014
longisepta,NT,2008
paucisepta,NT,2014
neocaledonicus,EN,2012
aurora,LC,2011
avulsus,LC,2011
kitanoviriosus,LC,2011
timidus,LC,2011
cuvier,NT,2009
priapus,LC,2011
tenebrosa,LC,2012
lafresnayanus,CR,2013
planulata,LC,2014
minuta,LC,2012
salicifolia,NT,1998
serpens,LC,2015
melanospilos,LC,2010
watanabei,LC,2010
haraldmeieri,CR,2010
darwinii,LC,2015
filamentosus,LC,2012
longirostris,LC,2016
oblongus,LC,2016
oyena,LC,2016
flavolateralis,LC,2012
gibberosus,LC,2011
elsmani,LC,2015
vanhoeffeni,DD,2015
watermani,DD,2015
chuni,LC,2015
indica,LC,2015
margaritacea,LC,2012
macrorhynchus,DD,2011
giuris,LC,2012
delicatulus,LC,2014
petiti,DD,2011
lignum-vitreum,CR,1998
varius,LC,2010
vieillardii,NT,2013
aspera,LC,2014
australensis,LC,2014
edwardsi,LC,2014
favulus,NT,2008
minuta,NT,2008
palauensis,NT,2014
pectinata,LC,2014
retiformis,LC,2014
columna,NT,2014
djiboutiensis,LC,2014
fruticosa,LC,2014
lobata,NT,2014
minor,NT,2014
norfolkensis,LC,2008
pandoraensis,LC,2014
somaliensis,LC,2014
stokesi,NT,2008
stutchburyi,LC,2008
tenuidens,LC,2014
atlanticum,LC,2015
elongatum,LC,2015
albomarginata,DD,2008
shonae,VU,2011
bilineatus,LC,2011
griseus,LC,2012
noumeana,VU,1998
sp. nov. 'durisylvatica',EN,2010
alba,LC,2012
aubryana,CR,2015
unicolor,LC,2011
polyuranodon,LC,2012
rossiteri,DD,2011
sphenurus,LC,2012
brocki,LC,2016
dunckeri,LC,2016
grayi,LC,2016
argus,LC,2010
biocellatus,LC,2010
chrysus,LC,2010
claudia,LC,2010
hartzfeldii,LC,2010
hortulanus,LC,2010
margaritaceus,LC,2010
marginatus,LC,2010
melanurus,LC,2010
miniatus,LC,2010
nebulosus,LC,2010
prosopeion,LC,2010
scapularis,LC,2010
trimaculatus,LC,2010
atlanticus,LC,2014
pinifolia,LC,2010
uninervis,LC,2010
pileus,LC,2014
capricorni,LC,2010
decipiens,LC,2010
minor,LC,2010
ovalis,LC,2010
macrochir,LC,2015
mollis,LC,2015
texis,LC,2015
gymnauchen,LC,2014
hudsoni,LC,2014
novaecaledoniae,LC,2014
actiniformis,VU,2008
coerulea,VU,2008
fidelis,LC,2009
fasciatus,LC,2010
melapterus,LC,2010
aquilonaris,CR,2011
crosseana,CR,2011
gorotitei,CR,2011
lacinia,CR,2011
napaia,VU,2011
neku,CR,2011
shostakovichi,CR,2011
xaracuu,CR,2011
yalayu,CR,2011
polylepis,LC,2010
acuminatus,LC,2010
chrysostomus,LC,2010
monoceros,LC,2010
singularius,LC,2010
varius,LC,2010
littoralis,LC,2010
limax,LC,2014
kreffti,LC,2015
aequicostatus,LC,2008
perroquini,EN,1996
petiti,EN,1996
cruentatus,LC,2015
cochlea,LC,2008
nakamurai,DD,2009
bickelli,LC,2015
altigena,NT,2015
baudouinii,LC,2015
bouletii,CR,2015
comptonii,NT,2015
deplancheana,NT,2015
ebracteata,NT,2015
emarginata,VU,2015
favieri,CR,2015
heterotricha,VU,2015
lanceolata,LC,2015
margaretae,EN,2015
moratii,VU,2015
nana,NT,2015
pancheri,LC,2015
patula,LC,2015
podocarpifolia,LC,2015
pulchella,LC,2015
rubescens,VU,2015
tontoutensis,EN,2015
trachyphylla,LC,2015
vieillardii,NT,2015
wagapii,LC,2015
albinares,DD,2015
groenlandicus,LC,2015
spicifer,LC,2012
bargibanti,DD,2003
histrix,VU,2012
kuda,VU,2014
hippopus,NT,1996
longiceps,LC,2012
caudacutus,LC,2012
speculiger,LC,2015
neoxena,LC,2012
nigricans,LC,2012
tahitica,LC,2012
histrio,LC,2015
profundissimus,LC,2015
annulatus,LC,2010
doliatus,LC,2010
longipes,LC,2010
altaturricula,DD,2013
arenicola,DD,2013
atra,LC,2013
cinerascens,LC,2013
coluber,LC,2013
conusalba,DD,2013
coronopertusa,DD,2013
difficilis,LC,2013
discrepans,DD,2013
dura,DD,2013
edulis,LC,2013
erinaceaus,LC,2013
flavomaculata,LC,2013
fuscocinerea,LC,2013
fuscogilva,VU,2013
fuscopunctata,LC,2013
hilla,LC,2013
impatiens,DD,2013
inhabilis,LC,2013
integra,DD,2013
isuga,LC,2013
lessoni,EN,2013
leucospilota,LC,2013
maculosa,DD,2013
nobilis,EN,2013
olivacea,DD,2013
pardalis,LC,2013
pervicax,LC,2013
rigida,LC,2013
samoana,DD,2013
scabra,EN,2013
turriscelsa,LC,2013
verrucosa,LC,2013
whitmaei,EN,2013
betulifolium,EN,1998
buxifolium,EN,1998
juxtapositum,EN,1998
leratiorum,VU,2010
mathieuanum,EN,1998
polystachyum,EN,1998
rubiginosum,VU,1998
rubrocostatum,EN,1998
sleumerianum,VU,1998
sapiens,LC,2008
cordata,EN,1998
gerontogea,VU,1998
guillauminii,VU,1998
mackeeana,VU,1998
exesa,NT,2014
grandis,LC,2014
microconos,NT,2014
pilosa,LC,2014
rigida,LC,2014
trolli,LC,2015
coggeri,LC,2010
laboutei,DD,2010
macdowelli,LC,2010
major,LC,2010
ornatus,LC,2010
spiralis,LC,2010
hygomii,LC,2015
reinhardtii,LC,2015
gracilis,DD,2015
octofasciatus,DD,2008
cyprinoides,DD,2012
brevipes,LC,2011
atlanticus,LC,2015
fasciola,LC,2015
pacificus,DD,2008
aneitensis,LC,2010
pavo,LC,2010
caledonicus,LC,2010
globosa,LC,2013
muticum,LC,2011
aurora,LC,2013
pamelae,VU,2009
crateriformis,VU,2008
cuneata,VU,2014
palifera,NT,2014
spinipes,LC,2009
dussumieri,LC,2014
edentulus,LC,2014
lineatus,LC,2014
rigilius,LC,2010
indica,DD,2011
platypterus,LC,2011
oxyrinchus,VU,2009
margaretae,VU,2010
oligantha,LC,2010
oligantha,EN,2010
diaphana,LC,2014
elatum,VU,2010
noumeense,VU,2010
pinensis,EN,2010
audax,NT,2011
indica,LC,2015
kerberti,LC,2015
macrura,LC,2015
gentilsiana,DD,2011
viviparus,EN,2011
zebratus,EN,2011
pelamis,LC,2011
brachychirus,LC,2010
hyoproroides,LC,2015
oliviformis,EN,1998
pronyensis,VU,1998
breviceps,DD,2012
sima,DD,2012
marginata,LC,2012
munda,DD,2012
rupestris,LC,2012
nemoralis,LC,2011
cinerascens,LC,2015
sectatrix,LC,2015
rugosum,LC,2013
semperianum,LC,2013
unilineatus,LC,2010
bicolor,LC,2010
dimidiatus,LC,2010
pectoralis,LC,2010
australis,LC,2010
xanthonota,LC,2010
pardalis,VU,2011
robustum,DD,2015
lagocephalus,LC,2014
sceleratus,LC,2014
leucopyga,LC,2012
orientalis,LC,2012
luminosa,LC,2015
australis,LC,2015
festivus,LC,2015
nobilis,LC,2015
photonotus,LC,2015
pusillus,LC,2015
tenuiformis,LC,2015
vadulus,LC,2015
punctata,LC,2011
novaehollandiae,LC,2014
hurlimannii,EN,1998
mandjeliana,VU,1998
pseudocoriacea,VU,1998
trichostemona,NT,1998
asiatica,LC,2010
colubrina,LC,2010
frontalis,NT,2010
laticaudata,LC,2010
saintgironsi,LC,2010
neocaledonica,DD,2011
macrocarpa,CR,1998
equulus,LC,2012
cathartes,VU,2011
granum,CR,2011
montfaouense,EN,2011
mussorgskyi,CR,2011
orokau,VU,2011
ruali,EN,2011
supernum,VU,2011
aequinoctialis,LC,2011
minor,LC,2014
kaaea,LC,2012
flavobrunneum,LC,2015
bewickensis,NT,2008
inaequalis,NT,2008
pruinosa,LC,2008
purpurea,LC,2014
transversa,LC,2014
phrygia,NT,2014
vaigiensis,LC,2012
explanata,LC,2014
foliosa,LC,2014
gardineri,LC,2014
hawaiiensis,LC,2014
incrustans,VU,2014
mycetoseroides,LC,2014
papyracea,LC,2014
scabra,LC,2014
yabei,VU,2008
gracilis,LC,2015
gatopensis,EN,1998
goroensis,CR,1998
multiflora,VU,1998
petiolata,VU,1998
concinnus,LC,2009
jayakari,LC,2015
atlanticum,LC,2015
intermedia,LC,2015
genivittatus,LC,2010
pancheri,CR,1996
austrocaledonica,NT,2010
chevalieri,CR,2010
yateensis,EN,2010
incana,LC,2012
lapponica,NT,2015
limosa,NT,2015
greeri,DD,2010
maruia,EN,2011
nigrofasciolatum,LC,2011
novaecaledoniae,LC,2011
steindachneri,EN,2011
tillieri,NT,2011
vivae,CR,2011
mokai,LC,2008
undulatum,NT,2008
imbricata,EN,1998
gemellarii,LC,2015
corymbosa,LC,2014
diminuta,VU,2008
hataii,LC,2014
hemprichii,LC,2014
pachysepta,NT,2008
robusta,LC,2014
surinamensis,LC,2015
rara,LC,2015
octovalvis,LC,2013
perennis,LC,2011
littorea,LC,2010
racemosa,LC,2010
imperialis,LC,2015
williamsi,LC,2010
neurophylla,VU,1998
magnifica,VU,1998
aemulum,LC,2013
australe,LC,2013
caledonicum,LC,2013
equidens,LC,2013
gracilirostre,LC,2013
grandimanus,LC,2013
lar,LC,2013
microps,LC,2013
cora,LC,2013
choati,LC,2010
kuiteri,LC,2010
meleagris,LC,2010
negrosensis,LC,2010
atlantica,LC,2015
nigricans,VU,2011
alfredi,VU,2011
obtusirostra,DD,2015
boulinda,VU,2011
kaala,CR,2011
montana,VU,2010
taom,CR,2011
tricolor,LC,2011
lanceolatus,LC,2015
cyprinoides,DD,2012
mariei,LC,2012
novaeangliae,LC,2008
anema,DD,2012
atrodorsalis,LC,2014
ditrema,LC,2014
phaeus,DD,2014
longivelis,DD,2015
polylepis,DD,2015
simus,LC,2015
suborbitalis,DD,2015
striatus,LC,2011
bericoides,LC,2015
melanops,LC,2015
valdiviae,LC,2015
perforatus,LC,2015
ampliata,LC,2014
scabricula,LC,2014
sonchifolia,VU,1998
densirostris,DD,2008
ginkgodens,DD,2008
sufflava,DD,2013
elongata,VU,2009
humboldtiana,NT,1998
punctata,VU,1998
melanoleucos,LC,2012
amakusensis,NT,2014
brachyurus,LC,2013
cruentus,DD,2016
leiaspis,LC,2016
dichotoma,LC,2014
exaesa,LC,2014
intricata,LC,2008
murrayi,NT,2008
platyphylla,LC,2008
tenera,LC,2014
australis,LC,2008
macrocneme,DD,2008
robustior,EN,2008
mola,VU,2015
annuligera,NT,2008
curta,LC,2014
magnistellata,NT,2014
multipunctata,VU,2008
salebrosa,VU,2008
valenciennesi,NT,2014
aequituberculata,LC,2014
altasepta,VU,2008
australiensis,VU,2008
cactus,VU,2008
caliculata,VU,2014
capitata,NT,2008
capricornis,VU,2008
cebuensis,VU,2008
cocosensis,VU,2008
corbettensis,VU,2008
crassituberculata,VU,2008
danae,LC,2014
digitata,LC,2008
efflorescens,NT,2014
effusa,NT,2008
floweri,LC,2014
foliosa,NT,2014
foveolata,NT,2014
grisea,LC,2014
hispida,LC,2008
hoffmeisteri,LC,2014
incrassata,NT,2008
informis,LC,2014
millepora,LC,2008
mollis,LC,2008
monasteriata,LC,2014
nodosa,NT,2008
peltiformis,NT,2008
samarensis,VU,2008
spongodes,LC,2008
spumosa,LC,2008
stellata,LC,2008
tuberculosa,LC,2014
turgescens,LC,2008
turtlensis,VU,2008
undata,NT,2008
venosa,NT,2014
verrucosa,LC,2014
cauliflora,VU,1998
moro,LC,2015
cerifera,NT,1998
cephalus,LC,2012
mertoni,LC,2012
notospilus,LC,2012
elephantotus,LC,2014
mancaoi,LC,2008
asperum,LC,2015
nitidulum,LC,2015
obtusirostre,LC,2015
selenops,LC,2015
caledonica,LC,2012
angustialatus,VU,1998
berndti,LC,2016
botche,LC,2016
chryseres,LC,2016
kuntee,LC,2016
murdjan,LC,2016
pralinia,LC,2010
violacea,LC,2016
vittata,LC,2016
woodsi,LC,2016
caledonica,LC,2012
cardinalis,LC,2012
pelagicus,LC,2013
graminea,LC,2013
atrum,LC,2015
lineatum,LC,2015
nativitatis,LC,2014
exos,CR,2011
garrulus,EN,2011
gracilis,VU,2010
greeri,EN,2011
hanchisteus,CR,2010
humectus,EN,2011
manautei,CR,2011
mariei,VU,2011
rankini,VU,2011
slevini,EN,2010
pelagica,DD,2015
stomias,LC,2015
huerlimannii,VU,2000
annulatus,LC,2012
brachycentron,LC,2012
brevirostris,LC,2012
caesius,LC,2012
hexacanthus,LC,2012
lituratus,LC,2012
lopezi,LC,2012
maculatus,LC,2012
tonganus,LC,2012
unicornis,LC,2012
vlamingii,LC,2012
ductor,LC,2015
tripes,LC,2015
ferrugineus,VU,2003
fusca,LC,2010
brevituba,VU,1998
sevenetii,EN,1998
thiollierei,CR,1998
magnifica,LC,2010
curvirostris,LC,2015
scolopaceus,LC,2015
bimaculatus,LC,2010
pancheri,EN,2010
spinifer,LC,2015
armatus,LC,2016
rotunda,LC,2010
capensis,LC,2015
argenteus,LC,2016
opercularis,LC,2016
sammara,LC,2016
taeniurus,DD,2012
macrolepidotus,LC,2015
kuhlii,DD,2015
vieillardii,LC,2000
acanthura,LC,2011
suhmi,LC,2011
sulcata,LC,2011
pulligera,LC,2011
squamipicta,LC,2011
violacea,LC,2010
nasutus,LC,2015
fuliginosa,EN,2012
oligospira,LC,2011
gronovii,LC,2015
brachylepis,LC,2014
squamiceps,LC,2014
thomasi,LC,2014
baumanniae,NT,1998
discoidea,VU,1998
valdiviae,LC,2015
xenosoma,LC,2016
neocaledonica,VU,2008
sapphira,DD,2011
caudispinosus,LC,2015
resplendens,LC,2015
macrolepidotus,LC,2010
taeniourus,LC,2010
phaeopus,LC,2012
chani,DD,2011
japonicus,LC,2011
caledonicus,LC,2012
nebulosus,CR,2008
oceanicus,LC,2012
grandiflora,VU,1998
inventorum,CR,2010
ferox,VU,2016
normalops,LC,2015
marmorata,CR,2011
germaini,LC,2014
obliquus,LC,2014
lowii,LC,2015
biporos,DD,2012
anaethetus,LC,2012
fuscatus,LC,2015
meridiopacifica,DD,2014
porocephala,LC,2012
grimaldii,LC,2015
orca,DD,2013
sabina,LC,2013
neocaledonica,EN,2010
hypsipterygion,DD,2016
japonicus,LC,2016
kaianus,LC,2016
lateralis,LC,2012
bennettae,NT,2008
crispa,NT,2014
aurantium,VU,1998
brevipes,VU,1998
fragrans,EN,1998
neocaledonica,EN,1998
undulata,CR,1998
balansae,EN,2010
cauliflora,VU,1998
crassifolia,NT,1998
macrocalyx,VU,1998
nuda,VU,1998
pulchella,LC,2010
pulchella,LC,2010
bimaculatus,LC,2010
celebicus,LC,2010
digramma,LC,2010
nigromarginatus,DD,2010
orientalis,LC,2010
unifasciatus,LC,2010
typus,LC,2016
longirostris,VU,2016
glabra,LC,2014
lacera,LC,2008
caledonica,LC,2012
rufiventris,LC,2012
desolata,LC,2012
gemmae,NT,2008
rugosa,VU,2014
speciosa,LC,2014
microdon,LC,2015
unicornutus,LC,2011
humboldtiana,NT,1998
multijuga,NT,1998
robusta,NT,1998
clandestinus,NT,1998
decastigma,VU,1998
decumbens,VU,1998
lacuum,EN,1998
verecundus,CR,1998
haliaetus,LC,2015
flavescens,LC,2013
homarus,LC,2011
longipes,LC,2011
ornatus,LC,2011
penicillatus,LC,2011
intermedius,LC,2014
caerulea,DD,2010
hepatus,LC,2012
multifasciata,LC,2010
arcatus,LC,2016
forsteri,LC,2016
hemistictus,LC,2016
prionurus,LC,2016
japonicus,LC,2016
lowei,LC,2016
pumila,LC,1996
xanthozona,LC,2010
usta,VU,2010
bouvieri,LC,2013
caledonica,LC,2013
intermedia,LC,2013
typa,LC,2013
neocaledonicus,DD,2012
albimarginatus,DD,2009
albipenis,DD,2009
antarcticus,LC,2011
caledonicus,LC,2011
crassilabris,LC,2010
multifasciatus,LC,2010
sephen,DD,2009
bipartita,VU,2014
cactus,VU,2014
clavus,LC,2014
decussata,VU,2014
duerdeni,LC,2014
explanulata,LC,2014
gigantea,LC,2008
maldivensis,LC,2014
minuta,NT,2014
varians,LC,2014
venosa,VU,2014
graeffei,LC,2013
alcicornis,VU,2014
elongata,NT,2008
lactuca,VU,2008
paeonia,NT,2014
platura,LC,2010
conspicillatus,LC,2012
acidula,LC,2010
laevis,LC,2011
obscurus,LC,2011
validus,LC,2011
electra,LC,2008
vitreocincta,VU,2000
alternans,LC,2016
aspricaudus,LC,2016
janthinosoma,LC,2016
melanocephalus,LC,2016
brevicornis,LC,2011
breviceps,LC,2014
lupus,LC,2014
mitratus,LC,2014
xestus,LC,2014
lepturus,LC,2012
rubricauda,LC,2013
carbo,LC,2012
sulcirostris,LC,2012
diemenensis,LC,2012
bocourti,EN,2010
garnieri,LC,2011
argenteus,LC,2015
caerulescens,LC,2015
parvimanus,LC,2015
atrox,LC,2015
pycnopterus,LC,2015
belcheri,LC,2016
diacanthus,LC,2016
lineatus,LC,2015
nodiflora,LC,2013
undulatus,LC,2012
aeneus,LC,2010
aeneus,LC,2010
aeneus,EN,2010
aeneus,CR,2010
conjugatus,EN,2010
deplanchei,VU,2010
faguetii,LC,2010
pindaiensis,CR,2010
unifoliatus,EN,2010
roseus,LC,2010
lichtensteini,VU,2014
balansana,LC,2010
trifoliata,LC,2010
trifoliata,EN,2010
trifoliata,EN,2010
trifoliata,LC,2010
eugenioides,EN,2010
artensis,VU,2010
aliferum,EN,1998
artense,VU,1998
brevispinum,EN,2010
collinum,VU,1998
gatopense,VU,2010
gomonenense,EN,1998
muricatum,EN,1998
ornatum,EN,1998
paniense,VU,1998
stenophyllum,EN,1998
tanianum,CR,2004
eddystonensis,VU,1996
fibratus,VU,1996
porphyrostomus,VU,1996
laudandus,LC,2014
rhinorhynchos,LC,2014
tapeinosoma,LC,2014
regia,LC,2012
contorta,LC,2008
daedalea,LC,2014
lamellina,NT,2008
pini,LC,2014
ryukyuensis,NT,2014
sinensis,LC,2008
crassifolium,NT,1998
apus,LC,2015
gibbosus,LC,2012
nanum,LC,2010
areolatus,VU,2008
laevis,VU,2008
leopardus,NT,2004
lima,LC,2016
falcinellus,LC,2015
baillonii,CR,2015
crassipes,LC,2015
elegantissima,EN,2015
elongata,NT,2015
emiliana,NT,2015
gabriellae,LC,2015
leptophylla,LC,2015
nono,VU,2015
osyana,LC,2015
osyana,LC,2015
osyana,LC,2015
pachyphylla,EN,2015
pancheri,LC,2015
plerandroides,LC,2015
polydactylis,VU,2015
reginae,LC,2015
"sp. nov. ""calcicola""",EN,2015
"sp. nov. ""letocartiorum""",CR,2015
"sp. nov. ""longistyla""",EN,2015
"sp. nov. ""mackeei""",CR,2015
"sp. nov. ""memaoyaensis""",CR,2015
"sp. nov. ""neocaledonica""",NT,2015
"sp. nov. ""pouemboutensis""",CR,2015
"sp. nov. ""taomensis""",VU,2015
"sp. nov. ""tronchetii""",VU,2015
veilloniorum,LC,2015
veitchii,VU,2015
simplex,NT,2014
sinuosa,NT,2014
versipora,LC,2014
daviesi,LC,2015
fulva,LC,2012
squatarola,LC,2012
damicornis,LC,2014
danae,VU,2014
eydouxi,NT,2014
meandrina,LC,2014
verrucosa,LC,2014
woodjonesi,LC,2014
crustacea,LC,2014
motuporensis,NT,2008
decumbens,CR,2010
gnidioides,NT,2010
longefoliolatus,EN,2010
lucienii,LC,2010
novae-caledoniae,LC,2010
polyspermus,EN,2010
sylvestris,LC,2010
concolor,NT,2015
cristagalli,CR,2015
davidsonii,EN,2015
gongrocarpum,LC,2015
homei,LC,2015
pachycaule,LC,2015
parvifolium,CR,2015
plicatum,VU,2015
subaequilaterum,CR,2015
baccatus,LC,2011
coccifer,LC,2011
enthrix,LC,2011
typhlops,LC,2011
microstomus,LC,2010
novaehiberniae,NT,2008
talpina,LC,2014
crenata,VU,2010
nothisii,EN,2010
imperator,LC,2010
navarchus,LC,2010
semicirculatus,LC,2010
sexstriatus,LC,2010
xanthometopon,LC,2010
argenteus,LC,2012
macrocephalus,LC,2010
annae,NT,2014
attenuata,VU,2008
australiensis,LC,2014
cylindrica,NT,2014
deformis,NT,2008
densa,NT,2014
heronensis,LC,2008
horizontalata,VU,2014
latistella,LC,2008
lichen,LC,2014
lobata,NT,2014
lutea,LC,2014
monticulosa,LC,2014
murrayensis,NT,2014
myrmidonensis,LC,2008
nigrescens,VU,2014
rus,LC,2014
solida,LC,2014
stephensoni,NT,2014
vaughani,LC,2014
crassiceps,LC,2015
megalops,DD,2015
porphyrio,LC,2015
nodosus,LC,2014
brevipedicellata,EN,1998
contermina,EN,1998
danikeri,EN,1998
kaalaensis,EN,1998
pinifolia,EN,1998
bilineatus,LC,2014
glauca,NT,2009
maculatus,LC,2012
jeanneneyi,CR,1998
cerulea,LC,2014
guyotensis,DD,2010
prometheus,LC,2015
attiti,EN,2012
ferruginoides,LC,2010
contigua,NT,2014
digitata,NT,2014
haimeana,LC,2014
obtusangula,NT,2014
profundacella,LC,2014
superficialis,LC,2014
biocellatus,LC,2012
arafurensis,LC,2015
cyanophrys,LC,2015
pellucidus,LC,2015
nasicornis,LC,2016
pictilis,LC,2010
ventralis,LC,2010
incisum,VU,2010
rostrata,NT,2012
evanidus,LC,2010
hexataenia,LC,2010
ocellatus,LC,2010
octotaenia,LC,2010
tetrataenia,LC,2010
bleekeri,LC,2010
yamashiroi,LC,2010
moluccanus,LC,2010
cerasinus,DD,2010
scopoliae,VU,1998
crassidens,DD,2008
balansae,VU,1998
altipinnis,LC,2015
scriptus,LC,2015
tayami,NT,2008
deverdiana,VU,2010
paradoxa,VU,1998
cryptus,LC,2010
enneacanthus,LC,2010
flagellifer,LC,2010
cervicalis,VU,2012
heraldica,LC,2012
leucoptera,VU,2015
nigripennis,LC,2015
solandri,VU,2012
lunulata,LC,2010
ornatus,VU,2008
tonganus,LC,2008
vetulus,VU,2008
greyi,LC,2012
angulatus,LC,2011
bailloni,LC,2014
blanchonii,EN,1998
francei,VU,1998
kaalaensis,VU,1998
squamipinne,LC,2010
diacanthus,LC,2010
canadum,LC,2015
willeyi,DD,2011
pancheriana,VU,2010
laevis,LC,2015
kanagurta,DD,2011
balteatus,LC,2012
bikolanus,LC,2012
chrysosoma,LC,2012
tambujon,LC,2012
glesne,LC,2015
bertholdii,LC,2011
australis,LC,2015
osteochir,LC,2015
remora,LC,2015
comptonii,LC,2010
minus,EN,2010
snowi,LC,2014
auriculatus,LC,2010
chahoua,VU,2011
ciliatus,VU,2011
leachianus,LC,2011
sarasinorum,VU,2011
trachyrhynchus,EN,2011
alutaceus,EN,1996
ancylostoma,VU,2016
typus,EN,2016
quaesita,LC,2010
fuliginosa,LC,2012
verreauxi,LC,2012
apiculata,LC,2010
samoensis,NT,2010
stylosa,LC,2010
guilberti,DD,2012
natalensis,LC,2015
jubatus,EN,2013
apicalis,LC,2009
loricata,LC,2015
attrita,LC,2015
maderensis,LC,2015
alboguttatus,LC,2014
fasciatus,LC,2014
guttatus,LC,2014
dentata,LC,2014
robusta,LC,2008
glauca,CR,1998
fijiense,LC,2010
caudimaculatum,LC,2016
cornutum,LC,2016
diadema,LC,2016
ensifer,LC,2016
iota,LC,2016
ittodai,LC,2016
lepros,LC,2016
melanospilos,LC,2016
praslin,LC,2016
punctatissimum,LC,2016
rubrum,LC,2016
spiniferum,LC,2016
tiere,LC,2016
violaceum,LC,2016
batei,LC,2011
cylindrica,LC,2014
altipinnis,LC,2012
chameleon,LC,2012
dimidiatus,LC,2012
flavipectoralis,LC,2012
forsteni,LC,2012
frenatus,LC,2012
globiceps,LC,2012
longipinnis,LC,2012
niger,LC,2012
oviceps,LC,2012
psittacus,LC,2012
pyrrostethus,LC,2012
quoyi,LC,2012
rivulatus,LC,2012
rubroviolaceus,LC,2012
schlegeli,LC,2012
spinus,LC,2012
argus,LC,2010
apioidea,VU,1998
veitchii,EN,1998
fuligimentus,DD,2012
tabernaemontani,LC,2014
australis,LC,2014
vitiensis,NT,2008
commerson,NT,2011
heterolepis,LC,2015
danae,LC,2015
analis,LC,2015
guentheri,LC,2015
michaelsarsi,LC,2015
robustus,DD,2015
beanii,DD,2015
mizolepis,LC,2015
hirsutus,LC,2010
ramaraoi,LC,2010
squammosus,LC,2011
hydrophylacea,LC,2010
novaehollandiae,LC,2012
crumenophthalmus,LC,2015
riparia,EN,1998
latimanus,DD,2012
macrocephala,DD,2011
calycina,VU,1998
margaretae,VU,1998
petitiana,NT,1998
aculeata,VU,2014
caliendrum,NT,2014
hystrix,LC,2014
dumerili,LC,2015
lalandi,LC,2015
rivoliana,LC,2015
caerulea,LC,2010
beanii,LC,2015
lagocephalus,LC,2012
sarasini,EN,2012
zosterophorus,LC,2012
deplanchei,NT,2011
ruficauda,VU,2010
vermiculatus,LC,2012
bathyphilus,LC,2015
aurantiacus,VU,2011
herrei,DD,2016
striatus,DD,2016
lepida,VU,1998
suaveolens,VU,1998
chloe,LC,2012
pentecost,DD,2012
canina,LC,2015
hugonis,EN,2010
pancheri,NT,2010
alba,LC,2010
caseolaris,LC,2010
rhynchotis,LC,2012
grandis,LC,2015
novo-caledoniae,VU,2012
pachygaster,LC,2014
barracuda,LC,2015
lewini,EN,2007
mokarran,EN,2007
sinensis,LC,2014
spirula,LC,2012
gracilis,LC,2010
kulbickii,LC,2014
bucephalus,DD,2009
megalops,DD,2003
melanurus,LC,2003
mitsukurii,DD,2007
seychellensis,LC,2014
gascoynei,LC,2010
fasciatum,VU,2003
hypomelas,LC,2015
gracilis,LC,2010
attenuata,LC,2012
coeruleoalba,LC,2008
longirostris,DD,2012
bredanensis,LC,2012
heterophyllus,EN,1998
villosus,CR,1998
yateiensis,LC,2012
longicaudus,LC,2012
parasiticus,LC,2012
pomarinus,LC,2012
aculeata,LC,2011
auriculata,LC,2011
galil,LC,2011
helleri,LC,2011
nana,LC,2011
sculpta,LC,2011
surda,LC,2011
dougallii,LC,2015
hirundo,LC,2015
sumatrana,LC,2015
pseudodiaphana,LC,2015
albifrons,LC,2012
nereis,VU,2012
bandanensis,LC,2010
notialis,LC,2010
strigiventer,LC,2010
trilineata,LC,2010
oualaniensis,LC,2014
chloronotus,LC,2013
herrmanni,VU,2013
horrens,DD,2013
monotuberculatus,DD,2013
naso,LC,2013
noctivagus,LC,2013
tiliifolia,LC,2016
atratus,LC,2012
mele,DD,2012
rutilaureus,LC,2012
sapphirinus,LC,2012
semoni,DD,2012
affinis,LC,2015
longibarbatus,LC,2015
sclerophyllus,VU,1998
armata,LC,2014
guentheri,LC,2014
pistillata,NT,2014
subseriata,LC,2008
atrox,LC,2015
arquatus,LC,2010
devisi,LC,2010
fraenatum,LC,2010
dactylatra,LC,2015
leucogaster,LC,2015
sula,LC,2012
rufinus,LC,2015
agaricia,LC,2014
hassi,VU,2008
radians,LC,2008
recta,LC,2008
valenciennesii,LC,2014
campioni,LC,2009
flexicauda,DD,2009
miranda,LC,2009
isoetifolium,LC,2010
pendulinum,EN,2010
poyanum,VU,2010
veillonii,EN,2010
bathyphilus,LC,2015
minimus,LC,2015
novaehollandiae,LC,2012
cirratus,DD,2012
lymma,NT,2005
meyeni,VU,2015
oblongus,LC,2014
antillarum,LC,2015
longifilis,LC,2015
campanula,VU,1998
rubescens,LC,2015
theraps,LC,2011
rubrovittatus,LC,2010
cherrieri,EN,2010
novocaledonica,VU,1998
billardierei,LC,2015
atlanticus,LC,2015
cuvieri,LC,2015
angustirostris,DD,2011
barbata,LC,2009
gibbosus,LC,2010
impavida,VU,2012
bergii,LC,2015
hemprichii,LC,2010
amblycephalum,LC,2010
hardwicke,LC,2010
lunare,LC,2010
lutescens,LC,2010
nigrofasciatum,LC,2010
purpureum,LC,2010
quinquevittatum,LC,2010
trilobatum,LC,2010
fijiensis,DD,2010
modestoides,LC,2016
tessellatus,LC,2016
japonicus,LC,2011
ananas,EN,2013
anax,DD,2013
rubralineata,DD,2013
plicaria,LC,2011
tillarga,LC,2013
alalunga,NT,2011
albacares,NT,2011
obesus,VU,2011
dentex,LC,2015
rhombus,LC,2014
noumeanum,CR,2010
sanctus,LC,2012
hypselogeneion,LC,2014
pallimaculatus,LC,2014
tuberculiferus,LC,2010
myops,LC,2015
geoffroyi,NT,2008
bicoarctatus,LC,2016
loewii,LC,2013
transmarina,LC,2013
gracilis,LC,2014
obesus,NT,2005
lepturus,LC,2015
haematodus,LC,2014
derasa,VU,1996
gigas,VU,1996
maxima,NT,1996
squamosa,NT,1996
miriceps,LC,2015
cherrieri,CR,2010
percostale,LC,2009
brevipes,NT,2014
incana,LC,2012
nebularia,LC,2015
lucida,NT,1998
macphersonii,VU,1998
minutiflora,VU,1998
polyandra,EN,1998
reticulata,VU,1998
vieillardii,VU,1998
yateensis,EN,1998
aubrianus,VU,2011
boreus,LC,2010
variabilis,LC,2011
guerinii,LC,2012
musica,NT,2008
inopinata,CR,2010
bifrons,VU,2008
frondens,LC,2008
mesenterina,VU,2014
patula,VU,2008
peltata,VU,2008
radicalis,NT,2008
reniformis,VU,2014
stellulata,VU,2014
poliocephalus,LC,2012
novaecaledoniae,CR,2014
truncatus,LC,2012
spinosissimus,LC,2014
acus,LC,2015
crocodilus,LC,2015
longimembris,LC,2012
xenogrammus,LC,2014
oligolepis,LC,2010
asperrimus,VU,2016
deforgesi,LC,2006
neocaledoniensis,LC,2006
papilio,LC,2006
fuscoguttatus,LC,2010
gibba,LC,2014
novaehollandiae,LC,2014
albimarginata,LC,2008
louti,LC,2008
proboscidea,LC,2015
nimbaria,LC,2015
poweriae,LC,2015
evoluta,EN,1998
richardi,LC,2014
ouaiemensis,VU,1998
albofasciata,LC,2010
nigropinnata,LC,2010
telescopa,LC,2015
glaucus,CR,1998
sulfureus,VU,1998
copei,LC,2015
dalgleishi,LC,2015
danae,LC,2015
cinereus,LC,2012
setifer,LC,2014
gladius,LC,2016
typus,LC,2010
granatum,LC,2010
boulindae,VU,1998
capillipes,CR,1998
grossecrenatum,EN,2010
inaequinervium,EN,1998
kaalaense,VU,1998
molestum,VU,1998
peltatum,CR,1998
pininsulare,CR,1998
serpentinum,VU,1998
tuberculatum,VU,1998
halsteadi,LC,2010
pancheri,EN,2013
tabuensis,LC,2012
scopas,LC,2012
veliferum,LC,2012
dispar,LC,2012
hololepis,LC,2015
chevalieri,VU,1998
cavirostris,LC,2008
echinatus,LC,2008
inornatus,LC,2012
lateralis,LC,2012
minutus,LC,2012
xanthochroa,LC,2012
cristatus,LC,2015
cristatum,VU,1998
oligostigma,EN,1998
tanyostigma,VU,1998
serrator,LC,2012
birostris,VU,2010
amblyrhynchos,NT,2005
brevipinna,NT,2005
limbatus,NT,2005
sorrah,NT,2007
paucus,VU,2006
acutidens,VU,2003
imbricata,CR,2008
ghobban,LC,2012
lifouensis,DD,2016
foertherianum,LC,1998
manghas,DD,NA
nutans,DD,NA
alata,DD,2016
macrorrhizos,LC,2014
semeion,LC,2009
